{"stats":{"minecraft:dropped":{"alexsmobs:mysterious_worm":1,"alexsmobs:animal_dictionary":1},"minecraft:used":{"alexsmobs:spawn_egg_platypus":2,"alexsmobs:spawn_egg_elephant":1,"travelersbackpack:snow":1},"minecraft:picked_up":{"minecraft:dandelion":3,"minecraft:wheat_seeds":5,"alexsmobs:mysterious_worm":1,"minecraft:oak_log":1,"alexsmobs:animal_dictionary":1},"minecraft:custom":{"minecraft:time_since_rest":27437,"minecraft:sprint_one_cm":1023,"minecraft:play_time":27437,"minecraft:damage_taken":165,"minecraft:walk_one_cm":40630,"minecraft:sneak_time":73,"minecraft:walk_under_water_one_cm":1988,"minecraft:drop":2,"minecraft:jump":72,"minecraft:damage_dealt":18,"minecraft:leave_game":5,"minecraft:walk_on_water_one_cm":809,"minecraft:time_since_death":27437,"minecraft:total_world_time":27437,"minecraft:swim_one_cm":793,"minecraft:fall_one_cm":1028,"minecraft:fly_one_cm":141981},"minecraft:mined":{"minecraft:grass":25,"minecraft:oak_log":1,"minecraft:birch_leaves":7,"minecraft:oak_leaves":9}},"DataVersion":3463}