{"stats":{"minecraft:picked_up":{"minecraft:chicken":2,"securitycraft:security_camera":1,"minecraft:gunpowder":2,"minecraft:mutton":2,"minecraft:white_wool":1,"minecraft:string":2},"minecraft:dropped":{"minecraft:string":2,"securitycraft:security_camera":1},"minecraft:custom":{"minecraft:time_since_rest":45511,"minecraft:sprint_one_cm":10125,"minecraft:play_time":45511,"minecraft:damage_taken":10,"minecraft:walk_one_cm":35690,"minecraft:sneak_time":134,"minecraft:mob_kills":5,"minecraft:drop":3,"minecraft:jump":128,"minecraft:damage_dealt":650,"minecraft:leave_game":2,"minecraft:time_since_death":45511,"minecraft:total_world_time":45511,"minecraft:fall_one_cm":1382,"minecraft:fly_one_cm":255740},"minecraft:used":{"securitycraft:end_stone_mine":5,"securitycraft:remote_access_mine":3,"securitycraft:security_camera":6},"minecraft:killed":{"minecraft:sheep":1,"minecraft:spider":1,"minecraft:chicken":2,"minecraft:creeper":1},"minecraft:mined":{"minecraft:grass":6}},"DataVersion":3463}