{"stats":{"minecraft:killed":{"minecraft:pig":3,"minecraft:witch":1,"minecraft:sheep":3,"minecraft:skeleton":1,"minecraft:chicken":2,"minecraft:cow":12},"minecraft:broken":{"minecraft:wooden_sword":1,"minecraft:stone_axe":1,"minecraft:wooden_axe":1},"minecraft:mined":{"biomesoplenty:orange_autumn_leaves":2,"minecraft:dark_oak_log":10,"minecraft:crafting_table":3,"biomesoplenty:bush":4,"minecraft:grass_block":2,"minecraft:cobblestone":13,"minecraft:sugar_cane":8,"minecraft:cauldron":1,"minecraft:furnace":2,"minecraft:birch_log":3,"minecraft:fire":1,"minecraft:sweet_berry_bush":1,"minecraft:spruce_log":5,"biomesoplenty:maple_leaves":6,"biomesoplenty:fir_log":130,"biomesoplenty:fir_leaves":109,"minecraft:grass":9,"minecraft:oak_log":43,"minecraft:coal_ore":3,"minecraft:sand":42,"minecraft:gravel":9,"minecraft:dirt":2,"minecraft:mangrove_log":2,"minecraft:stone":34,"biomesoplenty:reed":11,"minecraft:oak_leaves":6,"minecraft:fern":3},"minecraft:crafted":{"minecraft:cooked_beef":5,"minecraft:wooden_sword":1,"minecraft:oak_planks":4,"minecraft:crafting_table":1,"minecraft:spruce_planks":20,"minecraft:wooden_pickaxe":1,"minecraft:furnace":1,"minecraft:birch_planks":12,"minecraft:stone_axe":1,"minecraft:air":0,"minecraft:stick":12,"minecraft:stone_pickaxe":1,"minecraft:wooden_axe":1,"minecraft:stone_sword":1,"minecraft:torch":4},"minecraft:dropped":{"minecraft:feather":2,"minecraft:wooden_pickaxe":1},"minecraft:custom":{"minecraft:interact_with_furnace":7,"minecraft:mob_kills":22,"tombstone:raider_killed":1,"minecraft:interact_with_crafting_table":9,"minecraft:leave_game":1,"minecraft:time_since_death":17421,"minecraft:time_since_rest":17443,"minecraft:sprint_one_cm":128606,"minecraft:damage_taken":1660,"minecraft:walk_one_cm":103240,"minecraft:drop":2,"minecraft:damage_dealt":2695,"minecraft:swim_one_cm":9085,"minecraft:fly_one_cm":261090,"minecraft:open_chest":2,"minecraft:crouch_one_cm":1928,"minecraft:deaths":5,"minecraft:play_time":44186,"tombstone:undead_killed":1,"minecraft:sneak_time":777,"minecraft:walk_under_water_one_cm":1342,"minecraft:jump":1033,"minecraft:walk_on_water_one_cm":18944,"minecraft:total_world_time":44186,"minecraft:fall_one_cm":13264},"minecraft:picked_up":{"minecraft:birch_log":3,"minecraft:crafting_table":3,"minecraft:feather":4,"minecraft:cooked_beef":5,"minecraft:chicken":2,"minecraft:leather":11,"biomesoplenty:fir_sapling":12,"biomesoplenty:fir_log":130,"minecraft:oak_log":43,"minecraft:dirt":4,"minecraft:bone":2,"minecraft:wheat_seeds":1,"minecraft:beef":25,"minecraft:glass_bottle":2,"minecraft:sugar_cane":8,"minecraft:mangrove_log":2,"minecraft:furnace":2,"minecraft:stick":6,"minecraft:sweet_berries":5,"minecraft:gravel":9,"minecraft:sand":42,"minecraft:porkchop":5,"minecraft:spruce_log":5,"minecraft:dark_oak_log":10,"minecraft:cauldron":1,"biomesoplenty:maple_sapling":1,"minecraft:arrow":1,"minecraft:rotten_flesh":1,"tombstone:familiar_stone":1,"minecraft:mutton":5,"minecraft:coal":4,"minecraft:white_wool":3,"minecraft:cobblestone":47},"minecraft:used":{"minecraft:stone_sword":9,"minecraft:glass_bottle":7,"minecraft:stone_pickaxe":5,"minecraft:wooden_pickaxe":50,"minecraft:rotten_flesh":1,"minecraft:dirt":3,"minecraft:crafting_table":3,"minecraft:wooden_axe":64,"minecraft:gravel":9,"minecraft:stone_axe":132,"minecraft:fire_charge":1,"minecraft:wooden_sword":62,"minecraft:cobblestone":17,"minecraft:potion":5,"minecraft:sweet_berries":7,"minecraft:furnace":2,"tombstone:gift":2,"minecraft:cooked_beef":5}},"DataVersion":3463}