{
  "minecraft:recipes/decorations/crafting_table": {
    "criteria": {
      "unlock_right_away": "2024-05-28 00:34:40 +0000"
    },
    "done": true
  },
  "biomesoplenty:biomesoplenty/all_biomes": {
    "criteria": {
      "maple_woods": "2024-05-28 00:37:31 +0000",
      "field": "2024-05-28 00:37:14 +0000",
      "seasonal_orchard": "2024-05-28 00:34:42 +0000",
      "seasonal_forest": "2024-05-28 00:36:47 +0000"
    },
    "done": false
  },
  "biomesoplenty:biomesoplenty/root": {
    "criteria": {
      "seasonal_orchard": "2024-05-28 00:34:42 +0000"
    },
    "done": true
  },
  "tombstone:adventure/root": {
    "criteria": {
      "auto": "2024-05-28 00:34:42 +0000"
    },
    "done": true
  },
  "alexsmobs:alexsmobs/mysterious_worm": {
    "criteria": {
      "mysterious_worm": "2024-05-28 00:36:00 +0000"
    },
    "done": true
  },
  "minecraft:adventure/adventuring_time": {
    "criteria": {
      "minecraft:taiga": "2024-05-28 00:36:56 +0000",
      "minecraft:windswept_hills": "2024-05-28 00:36:50 +0000",
      "minecraft:beach": "2024-06-02 03:06:55 +0000",
      "minecraft:river": "2024-05-28 00:36:45 +0000",
      "minecraft:cold_ocean": "2024-05-28 00:37:35 +0000",
      "minecraft:forest": "2024-05-28 00:36:55 +0000",
      "minecraft:plains": "2024-05-28 00:36:42 +0000"
    },
    "done": false
  },
  "biomesoplenty:recipes/transportation/willow_boat": {
    "criteria": {
      "in_water": "2024-05-28 00:37:37 +0000"
    },
    "done": true
  },
  "biomesoplenty:recipes/transportation/fir_boat": {
    "criteria": {
      "in_water": "2024-05-28 00:37:37 +0000"
    },
    "done": true
  },
  "minecraft:recipes/transportation/cherry_boat": {
    "criteria": {
      "in_water": "2024-05-28 00:37:37 +0000"
    },
    "done": true
  },
  "biomesoplenty:recipes/transportation/umbran_boat": {
    "criteria": {
      "in_water": "2024-05-28 00:37:37 +0000"
    },
    "done": true
  },
  "minecraft:recipes/transportation/bamboo_raft": {
    "criteria": {
      "in_water": "2024-05-28 00:37:37 +0000"
    },
    "done": true
  },
  "biomesoplenty:recipes/transportation/dead_boat": {
    "criteria": {
      "in_water": "2024-05-28 00:37:37 +0000"
    },
    "done": true
  },
  "minecraft:recipes/transportation/spruce_boat": {
    "criteria": {
      "in_water": "2024-05-28 00:37:37 +0000"
    },
    "done": true
  },
  "biomesoplenty:recipes/transportation/magic_boat": {
    "criteria": {
      "in_water": "2024-05-28 00:37:37 +0000"
    },
    "done": true
  },
  "minecraft:recipes/transportation/birch_boat": {
    "criteria": {
      "in_water": "2024-05-28 00:37:37 +0000"
    },
    "done": true
  },
  "minecraft:recipes/transportation/oak_boat": {
    "criteria": {
      "in_water": "2024-05-28 00:37:37 +0000"
    },
    "done": true
  },
  "biomesoplenty:recipes/transportation/redwood_boat": {
    "criteria": {
      "in_water": "2024-05-28 00:37:37 +0000"
    },
    "done": true
  },
  "minecraft:recipes/transportation/mangrove_boat": {
    "criteria": {
      "in_water": "2024-05-28 00:37:37 +0000"
    },
    "done": true
  },
  "biomesoplenty:recipes/transportation/hellbark_boat": {
    "criteria": {
      "in_water": "2024-05-28 00:37:37 +0000"
    },
    "done": true
  },
  "biomesoplenty:recipes/transportation/jacaranda_boat": {
    "criteria": {
      "in_water": "2024-05-28 00:37:37 +0000"
    },
    "done": true
  },
  "biomesoplenty:recipes/transportation/mahogany_boat": {
    "criteria": {
      "in_water": "2024-05-28 00:37:37 +0000"
    },
    "done": true
  },
  "biomesoplenty:recipes/transportation/palm_boat": {
    "criteria": {
      "in_water": "2024-05-28 00:37:37 +0000"
    },
    "done": true
  },
  "minecraft:recipes/transportation/acacia_boat": {
    "criteria": {
      "in_water": "2024-05-28 00:37:37 +0000"
    },
    "done": true
  },
  "minecraft:recipes/transportation/jungle_boat": {
    "criteria": {
      "in_water": "2024-05-28 00:37:37 +0000"
    },
    "done": true
  },
  "minecraft:recipes/transportation/dark_oak_boat": {
    "criteria": {
      "in_water": "2024-05-28 00:37:37 +0000"
    },
    "done": true
  },
  "minecraft:recipes/misc/charcoal": {
    "criteria": {
      "has_log": "2024-06-02 03:05:30 +0000"
    },
    "done": true
  },
  "minecraft:recipes/building_blocks/oak_planks": {
    "criteria": {
      "has_logs": "2024-06-02 03:05:30 +0000"
    },
    "done": true
  },
  "securitycraft:recipes/misc/sc_manual": {
    "criteria": {
      "has_wood": "2024-06-02 03:05:30 +0000"
    },
    "done": true
  },
  "minecraft:recipes/building_blocks/oak_wood": {
    "criteria": {
      "has_log": "2024-06-02 03:05:30 +0000"
    },
    "done": true
  },
  "minecraft:recipes/tools/standard_smithing_diamond": {
    "criteria": {
      "has_diamond_tier_upgrade": "2024-06-02 03:19:22 +0000"
    },
    "done": true
  },
  "minecraft:recipes/tools/hay_smithing_diamond": {
    "criteria": {
      "has_diamond_tier_upgrade": "2024-06-02 03:19:22 +0000"
    },
    "done": true
  },
  "minecraft:recipes/tools/lapis_smithing_diamond": {
    "criteria": {
      "has_diamond_tier_upgrade": "2024-06-02 03:19:22 +0000"
    },
    "done": true
  },
  "minecraft:recipes/tools/bookshelf_smithing_diamond": {
    "criteria": {
      "has_diamond_tier_upgrade": "2024-06-02 03:19:22 +0000"
    },
    "done": true
  },
  "minecraft:recipes/tools/cactus_smithing_diamond": {
    "criteria": {
      "has_diamond_tier_upgrade": "2024-06-02 03:19:22 +0000"
    },
    "done": true
  },
  "minecraft:recipes/tools/pig_smithing_diamond": {
    "criteria": {
      "has_diamond_tier_upgrade": "2024-06-02 03:19:22 +0000"
    },
    "done": true
  },
  "minecraft:recipes/tools/quartz_smithing_diamond": {
    "criteria": {
      "has_diamond_tier_upgrade": "2024-06-02 03:19:22 +0000"
    },
    "done": true
  },
  "minecraft:recipes/tools/pumpkin_smithing_diamond": {
    "criteria": {
      "has_diamond_tier_upgrade": "2024-06-02 03:19:22 +0000"
    },
    "done": true
  },
  "minecraft:recipes/tools/iron_golem_smithing_diamond": {
    "criteria": {
      "has_diamond_tier_upgrade": "2024-06-02 03:19:22 +0000"
    },
    "done": true
  },
  "minecraft:recipes/tools/chicken_smithing_diamond": {
    "criteria": {
      "has_diamond_tier_upgrade": "2024-06-02 03:19:22 +0000"
    },
    "done": true
  },
  "minecraft:recipes/tools/cow_smithing_diamond": {
    "criteria": {
      "has_diamond_tier_upgrade": "2024-06-02 03:19:22 +0000"
    },
    "done": true
  },
  "minecraft:recipes/tools/end_smithing_diamond": {
    "criteria": {
      "has_diamond_tier_upgrade": "2024-06-02 03:19:22 +0000"
    },
    "done": true
  },
  "minecraft:recipes/tools/wolf_smithing_diamond": {
    "criteria": {
      "has_diamond_tier_upgrade": "2024-06-02 03:19:22 +0000"
    },
    "done": true
  },
  "minecraft:recipes/tools/creeper_smithing_diamond": {
    "criteria": {
      "has_diamond_tier_upgrade": "2024-06-02 03:19:22 +0000"
    },
    "done": true
  },
  "minecraft:recipes/tools/ghast_smithing_diamond": {
    "criteria": {
      "has_diamond_tier_upgrade": "2024-06-02 03:19:22 +0000"
    },
    "done": true
  },
  "minecraft:recipes/tools/gold_smithing_diamond": {
    "criteria": {
      "has_diamond_tier_upgrade": "2024-06-02 03:19:22 +0000"
    },
    "done": true
  },
  "minecraft:recipes/tools/iron_smithing_diamond": {
    "criteria": {
      "has_diamond_tier_upgrade": "2024-06-02 03:19:22 +0000"
    },
    "done": true
  },
  "minecraft:recipes/tools/magma_cube_smithing_diamond": {
    "criteria": {
      "has_diamond_tier_upgrade": "2024-06-02 03:19:22 +0000"
    },
    "done": true
  },
  "minecraft:recipes/tools/melon_smithing_diamond": {
    "criteria": {
      "has_diamond_tier_upgrade": "2024-06-02 03:19:22 +0000"
    },
    "done": true
  },
  "minecraft:recipes/tools/squid_smithing_diamond": {
    "criteria": {
      "has_diamond_tier_upgrade": "2024-06-02 03:19:22 +0000"
    },
    "done": true
  },
  "minecraft:recipes/tools/sheep_smithing_diamond": {
    "criteria": {
      "has_diamond_tier_upgrade": "2024-06-02 03:19:22 +0000"
    },
    "done": true
  },
  "minecraft:recipes/tools/fox_smithing_diamond": {
    "criteria": {
      "has_diamond_tier_upgrade": "2024-06-02 03:19:22 +0000"
    },
    "done": true
  },
  "minecraft:recipes/tools/redstone_smithing_diamond": {
    "criteria": {
      "has_diamond_tier_upgrade": "2024-06-02 03:19:22 +0000"
    },
    "done": true
  },
  "minecraft:recipes/tools/skeleton_smithing_diamond": {
    "criteria": {
      "has_diamond_tier_upgrade": "2024-06-02 03:19:22 +0000"
    },
    "done": true
  },
  "minecraft:recipes/tools/bee_smithing_diamond": {
    "criteria": {
      "has_diamond_tier_upgrade": "2024-06-02 03:19:22 +0000"
    },
    "done": true
  },
  "minecraft:recipes/tools/dragon_smithing_diamond": {
    "criteria": {
      "has_diamond_tier_upgrade": "2024-06-02 03:19:22 +0000"
    },
    "done": true
  },
  "minecraft:recipes/tools/sandstone_smithing_diamond": {
    "criteria": {
      "has_diamond_tier_upgrade": "2024-06-02 03:19:22 +0000"
    },
    "done": true
  },
  "minecraft:recipes/tools/coal_smithing_diamond": {
    "criteria": {
      "has_diamond_tier_upgrade": "2024-06-02 03:19:22 +0000"
    },
    "done": true
  },
  "minecraft:recipes/tools/wither_smithing_diamond": {
    "criteria": {
      "has_diamond_tier_upgrade": "2024-06-02 03:19:22 +0000"
    },
    "done": true
  },
  "minecraft:recipes/tools/netherite_smithing_diamond": {
    "criteria": {
      "has_diamond_tier_upgrade": "2024-06-02 03:19:22 +0000"
    },
    "done": true
  },
  "minecraft:recipes/tools/blaze_smithing_diamond": {
    "criteria": {
      "has_diamond_tier_upgrade": "2024-06-02 03:19:22 +0000"
    },
    "done": true
  },
  "minecraft:recipes/tools/emerald_smithing_diamond": {
    "criteria": {
      "has_diamond_tier_upgrade": "2024-06-02 03:19:22 +0000"
    },
    "done": true
  },
  "minecraft:recipes/tools/bat_smithing_diamond": {
    "criteria": {
      "has_diamond_tier_upgrade": "2024-06-02 03:19:22 +0000"
    },
    "done": true
  },
  "minecraft:recipes/tools/sponge_smithing_diamond": {
    "criteria": {
      "has_diamond_tier_upgrade": "2024-06-02 03:19:22 +0000"
    },
    "done": true
  },
  "minecraft:recipes/tools/snow_smithing_diamond": {
    "criteria": {
      "has_diamond_tier_upgrade": "2024-06-02 03:19:22 +0000"
    },
    "done": true
  },
  "minecraft:recipes/tools/spider_smithing_diamond": {
    "criteria": {
      "has_diamond_tier_upgrade": "2024-06-02 03:19:22 +0000"
    },
    "done": true
  },
  "minecraft:recipes/tools/diamond_smithing_diamond": {
    "criteria": {
      "has_diamond_tier_upgrade": "2024-06-02 03:19:22 +0000"
    },
    "done": true
  },
  "minecraft:recipes/tools/enderman_smithing_diamond": {
    "criteria": {
      "has_diamond_tier_upgrade": "2024-06-02 03:19:22 +0000"
    },
    "done": true
  },
  "minecraft:recipes/tools/horse_smithing_diamond": {
    "criteria": {
      "has_diamond_tier_upgrade": "2024-06-02 03:19:22 +0000"
    },
    "done": true
  },
  "minecraft:recipes/tools/cake_smithing_diamond": {
    "criteria": {
      "has_diamond_tier_upgrade": "2024-06-02 03:19:22 +0000"
    },
    "done": true
  },
  "minecraft:recipes/tools/nether_smithing_diamond": {
    "criteria": {
      "has_diamond_tier_upgrade": "2024-06-02 03:19:22 +0000"
    },
    "done": true
  },
  "minecraft:recipes/tools/ocelot_smithing_diamond": {
    "criteria": {
      "has_diamond_tier_upgrade": "2024-06-02 03:19:22 +0000"
    },
    "done": true
  },
  "minecraft:recipes/tools/villager_smithing_diamond": {
    "criteria": {
      "has_diamond_tier_upgrade": "2024-06-02 03:19:22 +0000"
    },
    "done": true
  },
  "minecraft:recipes/misc/yellow_dye_from_dandelion": {
    "criteria": {
      "has_dandelion": "2024-06-02 03:21:19 +0000"
    },
    "done": true
  },
  "DataVersion": 3463
}